{"_wandb":{"runtime":77},"train_loss":0.40730538964271545,"train_accuracy":0.9375,"_timestamp":1.736334574477873e+09,"_runtime":74.9336727,"_step":2813}